0,1
1990,1992
Aaron34,Aaron30
Abbey482,Abbey545
Abbie685,Abbie784
Abby222,Abby260
Abdul934,Abdul980
Abel384,Abel370
Abigail90,Abigail86
Abraham246,Abraham254
Abram920,Adam36
Adam32,Adan498
Adan548,Addison634
Addison645,Adolfo677
Adolfo649,Adrian702
Adrian603,Adrian96
Adrian94,Adriana141
Adriana144,Adrianna289
Adrianna325,Adrianne822
Adrianne783,Adrienne279
Adrienne233,Agustin618
Agustin627,Ahmad579
Ahmad562,Ahmed724
Ahmed721,Aidan633
Aidan889,Aileen795
Aileen851,Aimee314
Aimee272,Aisha571
Aisha568,Aja958
Aja940,Akeem562
Akeem405,Alaina436
Alaina441,Alan129
Alan125,Alana386
Alana368,Alanna502
Alanna474,Alayna852
Alannah936,Albert205
Albert167,Alberto225
Alberto225,Aldo836
Alden949,Alec172
Aldo792,Alecia751
Alec271,Alejandra149
Alecia678,Alejandro113
Alejandra211,Alesha782
Alejandro126,Alessandra807
Alesha695,Alex54
Alessandra829,Alex617
Alex59,Alexa140
Alex802,Alexander23
Alexa146,Alexander927
Alexander28,Alexandra29
Alexander873,Alexandre987
Alexandra37,Alexandrea508
Alexandre950,Alexandria73
Alexandrea653,Alexandro882
Alexandria95,Alexia522
Alexandro837,Alexis331
Alexia557,Alexis40
Alexis334,Alexus616
Alexis66,Alfonso420
Alfonso423,Alfred403
Alfred364,Alfredo274
Alfredo272,Ali477
Ali474,Ali771
Ali687,Alice372
Alice347,Alicia71
Alicia53,Alina639
Alina664,Alisa513
Alisa460,Alisha162
Alisha135,Alison147
Alison133,Alissa272
Alissa276,Allan385
Allan382,Allen166
Allen141,Allie561
Allie579,Allison48
Allison48,Allyson229
Allyson236,Allyssa763
Allyssa709,Alma368
Alma386,Alonso829
Alonso805,Alonzo506
Alonzo476,Alphonso983
Alphonso806,Alton769
Alton704,Alvaro576
Alvaro576,Alvin369
Alvin331,Alycia686
Alycia524,Alysa864
Alysa900,Alysha482
Alyse816,Alysia664
Alysha410,Alyson399
Alysia643,Alyssa30
Alyson358,Amanda3
Alyssa27,Amber19
Amanda4,Amelia214
Amber15,Amie860
Amelia194,Amir651
Amie698,Amos791
Amir608,Amy51
Amos739,Ana137
Amy38,Anais850
Ana124,Anastasia352
Anabel746,Anderson852
Anastasia382,Andre140
Anderson881,Andrea39
Andre137,Andreas916
Andrea40,Andres186
Andreas897,Andrew5
Andres203,Andria978
Andrew7,Andy252
Andria870,Angel114
Andy275,Angel180
Angel133,Angela69
Angel174,Angelica100
Angela52,Angelina284
Angelia501,Angelique313
Angelica119,Angelo334
Angelina261,Angie652
Angelique631,Anika962
Angelo335,Anissa854
Angie586,Anita454
Anita405,Anjelica734
Anjelica923,Ann295
Ann251,Anna49
Anna45,Anne182
Anne155,Annette548
Annemarie996,Annie353
Annette513,Annmarie945
Annie334,Anthony19
Annmarie973,Antoine446
Anthony15,Antoinette476
Antione937,Anton695
Antoine361,Antonia653
Antoinette354,Antonio85
Anton603,Antony844
Antonia661,Antwan610
Antonio77,Antwon727
Antony832,April103
Antwan534,Araceli523
Antwon668,Ari845
April73,Ariana207
Araceli556,Arianna396
Ari862,Aric720
Ariana227,Ariel472
Arianna411,Ariel87
Aric693,Arielle283
Ariel482,Arlene619
Ariel94,Armand988
Arielle186,Armando233
Arlene682,Arnold577
Armando229,Arnulfo996
Arnold559,Aron555
Aron600,Arron667
Arron673,Arthur218
Arsenio742,Arturo268
Arthur196,Asa846
Arturo259,Asha842
Asa799,Ashely774
Asha997,Asher966
Ashely632,Ashlee154
Ashlee154,Ashleigh197
Ashleigh178,Ashley1
Ashley2,Ashley806
Ashley656,Ashli865
Ashli722,Ashlie505
Ashlie476,Ashly590
Ashly535,Ashlyn371
Ashlyn559,Ashlynn817
Ashton331,Ashton354
Ashton365,Ashton391
Asia299,Asia251
Athena731,Athena803
Aubrey298,Aubree857
Aubrey711,Aubrey252
Audra673,Aubrey711
Audrey161,Audra712
August846,Audrey175
Aurora716,August814
Austen705,Augustus891
Austin55,Aurora680
Autumn177,Austen639
Ava953,Austin38
Avery492,Autumn170
Avery797,Ava833
Axel898,Avery461
Ayla818,Avery543
Baby610,Axel908
Baby861,Ayana922
Bailey226,Ayanna930
Barbara210,Ayla783
Barrett696,Baby559
Barry348,Baby725
Beatrice720,Bailey178
Beatriz472,Bailey989
Beau337,Barbara249
Becky862,Barrett885
Belinda624,Barry459
Ben514,Beatrice742
Benito795,Beatriz489
Benjamin33,Beau392
Bennett674,Becky993
Bennie872,Belinda735
Benny714,Ben536
Bernadette735,Benito739
Bernard430,Benjamin33
Bernardo764,Bennett671
Beth392,Benny722
Bethany107,Berenice823
Betsy739,Bernadette840
Betty577,Bernard418
Beverly521,Bernardo824
Bianca84,Beth515
Bill992,Bethany114
Billie830,Betsy837
Billy214,Betty721
Blaine400,Beverly531
Blair487,Bianca97
Blair580,Bill898
Blake91,Billie890
Blake937,Billy230
Blanca397,Blaine438
Bo602,Blair524
Bobbi766,Blair652
Bobbie638,Blake84
Bobby185,Blake996
Bonnie380,Blanca419
Brad362,Bo622
Braden485,Bobbi831
Bradford579,Bobbie764
Bradley65,Bobby221
Bradly635,Bonnie449
Brady315,Brad462
Brandan746,Braden412
Branden300,Bradford628
Brandi103,Bradley72
Brandie551,Bradly707
Brandon19,Brady238
Brandy137,Brandan658
Brandyn807,Branden251
Brant775,Brandi110
Braxton715,Brandie600
Breana546,Brandon6
Breann775,Brandy168
Breanna113,Brandyn640
Breanne498,Brannon990
Bree938,Brant937
Brenda123,Braxton648
Brendan155,Brayden792
Brenden518,Brea875
Brendon451,Breana443
Brenna418,Breann736
Brennan383,Breanna94
Brennen899,Breanne486
Brent127,Bree973
Brenton469,Brenda119
Bret418,Brendan144
Brett84,Brenden433
Brian27,Brendon363
Briana109,Brenna356
Brianna61,Brennan367
Brianne318,Brennen777
Brice529,Brent160
Bridget191,Brenton541
Bridgett839,Breonna932
Bridgette440,Bret466
Britany491,Brett97
Britney136,Bria334
Britni611,Brian31
Britny723,Briana79
Brittaney688,Brianda777
Brittani230,Brianna43
Brittanie553,Brianne332
Brittany3,Brice584
Brittany996,Bridget201
Brittnee713,Bridgette562
Brittney44,Brielle804
Brittni357,Britany610
Brittnie843,Britney194
Brittny591,Britni877
Britton938,Brittaney866
Brock257,Brittani320
Broderick890,Brittanie611
Brody796,Brittany4
Bronson687,Brittney68
Brook868,Brittni549
Brooke70,Brittny882
Brooklyn911,Britton943
Brooks681,Brock306
Bruce240,Broderick903
Bruno993,Brody612
Bryan57,Bronson762
Bryanna633,Brook692
Bryant204,Brooke59
Bryce169,Brooklyn552
Bryon708,Brooks672
Bryson550,Bruce291
Byron265,Bryan57
Cade885,Bryana998
Caitlin50,Bryanna475
Caitlyn183,Bryant261
Cale921,Bryce175
Caleb88,Bryon770
Callie297,Bryson510
Calvin173,Byron314
Camden955,Cade827
Cameron62,Caden870
Cameron675,Caitlin62
Camille243,Caitlyn156
Camron762,Cale863
Candace142,Caleb74
Candice147,Callie292
Candy949,Calvin194
Cara235,Camden878
Carey858,Cameron53
Cari959,Cameron698
Carina544,Camille259
Carissa257,Camron818
Carl145,Candace185
Carla263,Candice198
Carley761,Cara247
Carlie924,Carey961
Carlo838,Carina474
Carlos75,Carissa239
Carlton425,Carl182
Carly163,Carla276
Carmen217,Carlee715
Carol350,Carley409
Carolina302,Carli713
Caroline116,Carlie605
Carolyn169,Carlo914
Carrie170,Carlos69
Carson456,Carlton480
Carter551,Carly134
Cary817,Carmen228
Casandra407,Carol412
Casey106,Carolina305
Casey89,Caroline105
Cassandra49,Carolyn196
Cassidy468,Carrie221
Cassidy922,Carson357
Cassie228,Carson950
Cassondra724,Carter451
Catalina956,Cary967
Catherine71,Casandra496
Cathy914,Casey105
Catrina908,Casey109
Cayla550,Cassandra52
Cecelia847,Cassidy355
Cecil664,Cassidy991
Cecilia326,Cassie234
Cecily574,Cassondra878
Cedric377,Catalina895
Cedrick828,Catherine78
Celeste398,Catrina988
Celia589,Cayla568
Celina704,Cecelia938
Cesar199,Cecil742
Chad85,Cecilia275
Chadwick594,Cedric407
Chaim893,Cedrick968
Chance316,Celeste385
Chandler486,Celia655
Chandra742,Celina615
Chanel419,Cesar195
Chanelle925,Chad108
Channing951,Chadwick705
Chantal552,Chaim922
Chantel362,Chance329
Chantelle721,Chandler409
Charity458,Chandler541
Charlene394,Chandra967
Charles38,Chanel393
Charlie422,Chanelle979
Charlotte287,Channing886
Charmaine819,Chantal719
Chase110,Chantel405
Chasity373,Chantelle778
Chastity915,Charity500
Chauncey952,Charlene506
Chaya894,Charles43
Chaz448,Charlie452
Chelsea24,Charlotte287
Chelsey128,Charmaine780
Chelsi762,Chase116
Chelsie273,Chasity362
Cherie865,Chastity989
Cherish992,Chaya959
Cheryl415,Chaz511
Chester676,Chelsea15
Cheyenne330,Chelsey117
Chloe212,Chelsi677
Chris449,Chelsie227
Christa372,Chelsy879
Christen650,Cheryl533
Christian319,Chester725
Christian60,Cheyanne687
Christiana831,Cheyenne169
Christie436,China818
Christin615,Chloe161
Christina25,Chris471
Christine62,Christa344
Christopher2,Christen670
Christopher982,Christian280
Christy284,Christian35
Chrystal696,Christiana737
Ciara294,Christie518
Ciera443,Christin731
Cierra268,Christina33
Cindy185,Christine82
Claire159,Christopher2
Clara522,Christy357
Clare657,Chrystal859
Clarence373,Chynna939
Clarissa322,Ciara208
Clark537,Ciera410
Claude833,Cierra264
Claudia199,Cindy183
Clay444,Claire158
Clayton153,Clara469
Clifford346,Clare679
Clifton473,Clarence429
Clint375,Clarissa243
Clinton201,Clark623
Clyde638,Claude887
Coby986,Claudia190
Codey800,Clay483
Codie930,Clayton167
Cody31,Clifford415
Cody858,Clifton538
Colby244,Clint396
Cole248,Clinton211
Coleman787,Clyde732
Colin122,Coby879
Colleen160,Codey681
Collin239,Codi856
Colt768,Codie712
Colten619,Cody24
Colton139,Cody963
Conner628,Colby197
Connie483,Cole143
Connor221,Coleman649
Conor459,Colin127
Conrad621,Colleen184
Constance506,Collin187
Cooper706,Colt691
Cora852,Colten571
Corbin426,Colter997
Cordell749,Colton134
Corey56,Conner296
Corey671,Connie573
Cori705,Connor80
Corina646,Conor290
Corinne406,Conrad624
Cornelius487,Constance654
Cornell962,Cooper546
Corrine877,Cora808
Cortez533,Coral990
Cortney225,Corbin393
Cortney931,Cordell917
Cory67,Corey65
Cory970,Corey790
Coty447,Cori694
Courtney17,Corina581
Courtney356,Corinne394
Craig116,Cornelius542
Cristal518,Corrine991
Cristian417,Cortez592
Cristina165,Cortney319
Cristobal923,Cory83
Cristopher743,Coty406
Cruz717,Courtney21
Crystal39,Courtney489
Cullen788,Coy998
Curtis120,Craig154
Cynthia88,Cristal439
Cyrus829,Cristian272
Daisy193,Cristina186
Dakota194,Cristopher767
Dakota597,Cruz801
Dale285,Crystal50
Dallas391,Cullen600
Dalton193,Curtis142
Damian322,Cynthia92
Damien332,Cyrus729
Damion675,Daisy187
Damon321,Dakota103
Dan660,Dakota346
Dana114,Dakotah883
Dana532,Dale340
Danae974,Dallas299
Dandre747,Dallas646
Dane336,Dalton121
Dangelo839,Dalvin931
Danica639,Damaris974
Daniel5,Damian262
Daniela381,Damien308
Daniella500,Damion580
Danielle18,Damon284
Danika886,Dan715
Danny162,Dana144
Dante366,Dana627
Danyelle946,Danae951
Daphne764,Dandre682
Daquan709,Dane410
Dara882,Danica772
Darcy782,Daniel7
Daren886,Daniela285
Darian631,Daniella483
Darien841,Danielle18
Darin530,Danika940
Dario783,Danny190
Darion859,Dante360
Darius152,Danyelle897
Darlene484,Daphne891
Darnell353,Daquan605
Daron849,Dara896
Darrel772,Darcy933
Darrell245,Darian547
Darren200,Darian704
Darrick818,Darien616
Darrin509,Darin601
Darrius569,Dario873
Darryl255,Darion749
Darwin910,Darius164
Daryl440,Darlene601
Dashawn731,Darnell419
Dave924,Daron841
David6,Darrel944
Davin969,Darrell293
Davis597,Darren227
Davon479,Darrin566
Dawn359,Darrius590
Dayna640,Darryl321
Dayton876,Darwin956
Dean286,Daryl488
Deana884,Dashawn586
Deandre276,Davante802
Deangelo454,Dave976
Deanna158,David10
Debbie744,Davin847
Deborah262,Davion853
Debra453,Davis513
Deidra840,Davon449
Deidre971,Davonta918
Deirdre990,Davonte491
Deja747,Dawn413
Dejuan790,Dayna752
Delia810,Dayton984
Demarco801,Dean315
Demarcus442,Deandre277
Demario667,Deangelo534
Demetria885,Deanna155
Demetrius290,Deante900
Dena966,Deborah300
Denise152,Debra635
Dennis129,Deidra819
Denzel445,Deidre630
Deon549,Deion751
Deontae979,Deja740
Deonte615,Dejon977
Dereck778,Dejuan938
Derek54,Delaney707
Derick412,Delia968
Derik732,Demarco774
Deron863,Demarcus469
Derrek956,Demario782
Derrell900,Demetri778
Derrick106,Demetria888
Deshawn481,Demetrius281
Desirae481,Demi636
Desiree125,Denise188
Desmond287,Dennis150
Destinee845,Denver992
Destiny202,Denzel330
Devan493,Denzell832
Devan669,Deon527
Deven730,Deonta839
Devin316,Deonte523
Devin98,Dequan874
Devon151,Dereck919
Devon277,Derek62
Dewayne647,Derick486
Dexter376,Derik904
Diamond429,Deron969
Diana99,Derrick120
Diane363,Deshaun950
Dianna594,Deshawn444
Diego308,Desirae477
Dillon184,Desiree121
Dina755,Desmond265
Dion526,Destinee553
Dionte970,Destini964
Domingo823,Destiny129
Dominic189,Devan397
Dominick393,Devan629
Dominique153,Devante199
Dominique207,Deven604
Dominque723,Devin273
Dominque912,Devin75
Domonique699,Devon123
Don553,Devon301
Donald87,Devonta569
Donavan803,Devontae708
Donna317,Devonte226
Donnell652,Devyn760
Donnie545,Dewayne662
Donny980,Dexter474
Donovan299,Diamond219
Donta903,Diana101
Dontae735,Diane414
Donte424,Dianna729
Dora975,Diego301
Dorian520,Dillan553
Doris853,Dillion539
Dorothy426,Dillon73
Douglas103,Dimitri502
Drake538,Dina809
Drew160,Dion528
Duane521,Dionte825
Dulce903,Domenic999
Duncan737,Domingo923
Dustin50,Dominic137
Dusty643,Dominick317
Dwayne307,Dominique116
Dwight446,Dominique180
Dylan83,Dominque674
Earl403,Dominque810
Earnest850,Domonique716
Eboni794,Domonique901
Ebony187,Don602
Eddie232,Donald110
Eddy925,Donavan704
Eden697,Donavon1000
Edgar143,Dondre854
Edgardo779,Donna377
Edith560,Donnell723
Edmund819,Donnie641
Edna950,Donovan243
Eduardo149,Donta970
Edward68,Dontae815
Edwardo987,Donte421
Edwin170,Dora980
Efrain539,Dorian524
Efren773,Doris883
Eileen464,Dorothy484
Elaina814,Douglas126
Elaine409,Drake425
Eleanor598,Drew181
Elena353,Duane563
Eli363,Dulce648
Elias360,Duncan642
Eliezer997,Dustin58
Elijah243,Dusty884
Elisa421,Dwayne352
Elisabeth348,Dwight495
Elise265,Dylan28
Eliseo963,Dyllan807
Elisha647,Dylon643
Elisha957,Earl458
Elissa743,Earnest909
Eliza558,Eboni824
Elizabeth9,Ebony213
Ella869,Eddie259
Ellen208,Eddy819
Elliot369,Eden697
Elliott358,Edgar149
Ellis758,Edgardo692
Elmer698,Edith554
Elsa817,Edmund880
Elton964,Eduardo132
Elvin935,Edward70
Elvis718,Edwin177
Elyse526,Efrain521
Elyssa983,Efren826
Emanuel372,Eileen579
Emerson906,Elaina766
Emilee588,Elaine417
Emilia984,Eleanor585
Emilie616,Elena337
Emilio438,Eli350
Emily12,Eliana916
Emma130,Elias341
Emmanuel218,Elijah203
Emmett965,Elisa457
Enrique263,Elisabeth341
Eric24,Elise297
Erica36,Eliseo910
Erich719,Elisha724
Erick223,Elisha902
Ericka356,Elissa727
Erik96,Eliza661
Erika74,Elizabeth9
Erin43,Ella892
Erin654,Ellen217
Ernest283,Ellie855
Ernesto310,Elliot404
Ervin840,Elliott399
Eryn972,Ellis765
Esmeralda425,Elmer687
Esteban414,Elsa867
Estevan720,Elvin924
Esther286,Elvis750
Ethan58,Elyse669
Eugene312,Emanuel365
Eunice928,Emerald917
Eva344,Emerson993
Evan71,Emilee501
Evelyn220,Emilia934
Everett556,Emilie591
Ezekiel625,Emilio386
Ezequiel765,Emily7
Ezra763,Emma104
Fabian325,Emmanuel224
Fabiola854,Emmett803
Faith295,Enrique271
Fallon918,Eric26
Fatima622,Erica44
Federico945,Erich730
Felicia121,Erick222
Felipe427,Ericka380
Felisha774,Erik98
Felix368,Erika80
Fernando179,Erin46
Fidel804,Erin796
Fiona941,Ernest337
Floyd641,Ernesto313
Forrest420,Ervin735
Frances351,Erwin978
Francesca465,Esmeralda403
Francesco834,Essence876
Francis284,Esteban389
Francisco115,Estefania722
Frank109,Estevan685
Frankie494,Esther302
Franklin298,Ethan76
Fred498,Eugene338
Freddie574,Eunice904
Freddy542,Eva340
Frederick252,Evan66
Fredrick468,Evelyn202
Gabriel100,Everett594
Gabriel904,Ezekiel636
Gabriela182,Ezequiel787
Gabriella292,Ezra793
Gabrielle98,Fabian339
Gage359,Fabiola767
Galen766,Faith245
Garett912,Fallon843
Garret506,Fatima627
Garrett99,Felicia146
Garrick636,Felipe414
Garrison958,Felisha829
Garry769,Felix346
Gary114,Fernando170
Gavin294,Fidel840
Genaro994,Flor941
Gene618,Floyd740
Genesis590,Forest820
Geneva848,Forrest316
Genevieve485,Frances388
Geoffrey249,Francesca373
George79,Francis318
Georgia717,Francisco118
Georgina976,Frank125
Gerald211,Frankie556
Geraldine947,Franklin311
Gerard527,Fred573
Gerardo254,Freddie619
German616,Freddy525
Giancarlo911,Frederick275
Gianna863,Fredrick507
Gilbert341,Gabriel851
Gilberto431,Gabriel86
Gillian825,Gabriela139
Gina139,Gabriella209
Gino789,Gabrielle84
Giovanni329,Gage335
Giselle706,Galen866
Gladys530,Garett932
Glen464,Garret442
Glenn296,Garrett88
Gloria241,Garrick920
Gonzalo770,Garrison892
Gordon471,Garry810
Grace140,Garth659
Graciela977,Gary139
Grady774,Gavin266
Graham397,Gene655
Grant183,Genesis375
Grayson669,Geneva935
Greg712,Genevieve521
Gregg914,Geoffrey312
Greggory864,George95
Gregorio808,Georgia594
Gregory51,Georgina952
Gretchen626,Gerald244
Griffin601,Gerard630
Griselda730,Gerardo228
Guadalupe328,German664
Guadalupe611,Giancarlo945
Guillermo396,Gianna622
Gustavo343,Gilbert378
Guy565,Gilberto423
Gwendolyn679,Gillian969
Hailey293,Gina164
Hakeem612,Gino637
Haleigh960,Giovanna975
Haley108,Giovanni300
Hali994,Giselle838
Hallie778,Gladys695
Hanna342,Glen526
Hannah30,Glenn342
Hans745,Gloria250
Harley590,Gonzalo733
Harold324,Gordon503
Harrison279,Grace127
Harry370,Graciela898
Harvey707,Grady808
Hassan733,Graham401
Hayden378,Grant165
Hayley267,Grayson620
Heath461,Greg794
Heather19,Gregorio828
Heaven855,Gregory60
Hector156,Gretchen683
Heidi200,Griffin561
Helen320,Griselda834
Helena948,Guadalupe293
Henry138,Guadalupe661
Herbert531,Guillermo361
Heriberto682,Gunnar746
Herman637,Gustavo307
Hernan939,Guy615
Hilary232,Gwendolyn684
Hillary192,Hailee792
Holden756,Hailey160
Holli895,Hakeem731
Hollie609,Haleigh586
Holly89,Haley56
Hope266,Hali726
Houston728,Halie753
Howard404,Hallie598
Hugh736,Hanna290
Hugo415,Hannah26
Humberto512,Hans799
Hunter219,Harley408
Ian70,Harley525
Ibrahim877,Harold355
Iesha732,Harrison282
Ignacio599,Harry366
Iliana740,Harvey809
Imani929,Hassan857
India488,Hayden248
Infant389,Haylee557
Infant434,Hayley135
Ingrid737,Heath544
Ira835,Heather31
Irene387,Heaven787
Iris417,Hector156
Irma683,Heidi225
Irvin613,Helen326
Irving685,Henry141
Isaac132,Herbert587
Isabel339,Heriberto717
Isabella892,Herman699
Isaiah206,Hernan804
Isaias811,Hilary233
Isamar533,Hillary131
Isiah433,Holden693
Isidro913,Hollie665
Ismael413,Holly99
Israel317,Hope310
Issac606,Houston747
Ivan178,Howard467
Ivana849,Hugh830
Ivette859,Hugo379
Ivy770,Humberto520
Jabari907,Hunter135
Jace552,Ian68
Jack166,Iesha434
Jackie523,Ignacio613
Jackie629,Iliana820
Jacklyn541,Imani550
Jackson319,India390
Jaclyn143,Infant565
Jacob20,Infant746
Jacoby908,Ingrid708
Jacqueline67,Ira951
Jacquelyn221,Irene430
Jacques797,Iris448
Jada998,Irma835
Jade218,Irvin543
Jade830,Irving647
Jaime215,Isaac124
Jaime310,Isabel265
Jaimee874,Isabella487
Jaimie507,Isabelle839
Jairo677,Isaiah212
Jake140,Isaias783
Jakob578,Isamar984
Jaleesa655,Isiah512
Jalisa446,Isidro925
Jamaal670,Ismael381
Jamal247,Israel297
Jamar421,Issac653
Jamarcus812,Ivan151
Jamel519,Ivana884
James8,Ivette649
Jameson661,Ivonne899
Jami519,Ivy741
Jamie227,Jabari738
Jamie54,Jace550
Jamil744,Jack155
Jamila835,Jackie623
Jamison662,Jackie701
Jan915,Jacklyn535
Jana545,Jackson223
Janae502,Jaclyn171
Janay719,Jacob15
Jane345,Jacoby728
Janel965,Jacqueline76
Janell866,Jacquelyn241
Janelle258,Jacques895
Janessa674,Jada717
Janet223,Jade181
Janette634,Jade779
Janice477,Jaime215
Janie668,Jaime376
Janine659,Jaimie628
Janna836,Jairo713
Jaquan755,Jake119
Jaqueline791,Jakob481
Jared63,Jaleel721
Jarod634,Jaleesa793
Jaron496,Jalen377
Jarred411,Jalisa492
Jarrell981,Jamaal683
Jarret882,Jamal242
Jarrett380,Jamar493
Jarrod318,Jamarcus789
Jarvis435,Jamel582
Jasmin231,James9
Jasmine28,Jameson719
Jason47,Jami633
Jasper614,Jamie249
Javier157,Jamie75
Javon535,Jamil743
Jay217,Jamila923
Jayme595,Jamison654
Jayson499,Jana657
Jazmin304,Janae498
Jazmine301,Janay811
Jean522,Jane395
Jean771,Janel889
Jeanette280,Janell905
Jeanne961,Janelle262
Jeannette772,Janessa730
Jedidiah971,Janet231
Jeff644,Janette685
Jefferson710,Janice514
Jeffery136,Janie709
Jeffrey43,Janine733
Jeffry946,Janna960
Jena562,Jaquan585
Jenifer623,Jaqueline815
Jenna81,Jared67
Jennie584,Jarod755
Jennifer8,Jaron485
Jenny214,Jarred439
Jerad851,Jarrell946
Jerald809,Jarrett447
Jered926,Jarrod384
Jerel860,Jarvis490
Jeremey982,Jasmin211
Jeremiah154,Jasmine28
Jeremy40,Jason46
Jerica729,Jasper666
Jermaine306,Javier152
Jerod780,Javon499
Jerome264,Javonte684
Jeromy983,Jay236
Jerrell691,Jayme688
Jerrica608,Jayson492
Jerrod568,Jazmin255
Jerry147,Jazmine266
Jesenia962,Jean533
Jesica930,Jean928
Jess694,Jeanette322
Jesse48,Jeannette908
Jesse648,Jeff697
Jessenia909,Jefferson710
Jessi916,Jeffery176
Jessica1,Jeffrey51
Jessica865,Jena546
Jessie231,Jenifer672
Jessie254,Jenna67
Jessika600,Jennie640
Jessy760,Jennifer11
Jesus90,Jenny244
Jill329,Jerald867
Jillian122,Jered981
Jim688,Jerel957
Jimmie554,Jeremiah161
Jimmy171,Jeremy47
Joan763,Jerica936
Joana905,Jermaine349
Joann684,Jerod926
Joanna138,Jerome298
Joanne561,Jerrell771
Joaquin598,Jerrica805
Jocelyn219,Jerrod688
Jodi473,Jerry183
Jodie871,Jess875
Jody699,Jesse50
Jody986,Jesse693
Joe212,Jessenia965
Joel95,Jessi966
Joelle792,Jessica2
Joey352,Jessie256
Johanna374,Jessie273
John12,Jessika673
Johnathan108,Jessy756
Johnathon251,Jesus78
Johnnie561,Jevon911
Johnny130,Jill397
Jolene795,Jillian148
Jon216,Jim744
Jonah653,Jimmie635
Jonas776,Jimmy200
Jonathan17,Joan800
Jonathon124,Joann872
Jordan29,Joanna167
Jordan59,Joanne671
Jorden866,Joaquin631
Jordon349,Jocelyn165
Jordyn480,Jodi532
Jorge117,Jodie825
Jory998,Jody896
Jose41,Joe220
Josef786,Joel100
Joseph10,Joelle914
Josephine437,Joey402
Josh700,Johanna392
Joshua4,John14
Josiah354,Johnathan122
Josie619,Johnathon279
Josue292,Johnnie632
Jovan622,Johnny153
Joy375,Jon240
Joyce479,Jonah694
Juan61,Jonas905
Juana812,Jonathan21
Juanita529,Jonathon136
Judith454,Jordan32
Judy575,Jordan63
Julia83,Jordon405
Julian123,Jordyn378
Juliana427,Jorge109
Julianna658,Jose37
Julianne444,Josef821
Julie93,Joselyn893
Julien953,Joseph11
Julio195,Josephine426
Julissa776,Josh775
Julius402,Joshua4
Junior831,Josiah324
Justen726,Josie620
Justin9,Josue285
Justina536,Jovan644
Justine188,Joy411
Justine972,Joyce539
Kacey651,Juan56
Kaci621,Juana827
Kacie517,Juanita542
Kacy957,Judith467
Kadeem540,Judy658
Kaela807,Julia70
Kai928,Julian133
Kaila435,Juliana441
Kailey602,Julianna584
Kaitlin101,Julianne450
Kaitlyn78,Julie106
Kaitlynn654,Julien871
Kala543,Julio201
Kaleb305,Julissa756
Kaleigh531,Julius453
Kaley601,Junior780
Kali445,Justen927
Kalie931,Justice822
Kallie942,Justin18
Kalvin940,Justina624
Kalyn850,Justine224
Kameron462,Justyn933
Kandace751,Juwan962
Kandice752,Kacey662
Kanesha951,Kaci738
Kanisha714,Kacie504
Kara110,Kadeem581
Kareem575,Kaela828
Karen120,Kai837
Kari256,Kaila428
Karina189,Kailee906
Karissa313,Kailey466
Karl295,Kaitlin113
Karla279,Kaitlyn42
Karli926,Kaitlynn451
Karly889,Kala637
Kasandra670,Kaleb280
Kasey216,Kaleigh435
Kasey457,Kalen939
Kassandra312,Kaley470
Kassie748,Kali404
Kate270,Kalie919
Katelin567,Kallie844
Katelyn75,Kalyn758
Katelynn378,Kameron398
Katharine401,Kandace946
Katherine26,Kandice920
Katheryn906,Kara115
Kathleen92,Kareem548
Kathrine781,Karen122
Kathryn57,Kari327
Kathy503,Karina159
Kati878,Karissa309
Katie55,Karl336
Katlin627,Karla238
Katlyn343,Karlee608
Katrina127,Karley798
Katy514,Karli572
Kaycee846,Karlie720
Kayla14,Karly558
Kaylee234,Kasandra696
Kayleigh414,Kasey203
Kaylie806,Kasey501
Kaylin718,Kasie992
Kaylyn677,Kassandra204
Keaton592,Kassie909
Keegan500,Katarina574
Keely767,Kate325
Keenan392,Katelin634
Keenen988,Katelyn66
Kegan916,Katelynn299
Keisha396,Katerina900
Keith80,Katharine361
Kelby932,Katherine27
Kellen658,Katheryn924
Kelley308,Kathleen108
Kelli181,Kathrine785
Kellie264,Kathryn60
Kelly351,Kathy509
Kelly41,Kati954
Kelsea779,Katie54
Kelsey32,Katlin718
Kelsey729,Katlyn294
Kelsi495,Katrina132
Kelsie321,Katy519
Kelvin288,Kaycee981
Ken857,Kayla13
Kendal887,Kaylee174
Kendall289,Kayleigh407
Kendall404,Kayley972
Kendell909,Kaylie606
Kendra117,Kaylin678
Kendrick339,Kaylyn595
Kenisha879,Kaylynn942
Kenneth52,Keaton522
Kenny432,Keegan454
Kent488,Keely739
Kenton867,Keenan362
Kenya614,Kegan790
Keon820,Keisha516
Keri388,Keith102
Kerri438,Kelby855
Kerry447,Kelcie970
Kerry483,Kellen797
Keshia593,Kelley364
Keven984,Kelli216
Kevin23,Kellie261
Kevon878,Kelly417
Khalil852,Kelly47
Khiry648,Kelsea520
Kia860,Kelsey23
Kiana758,Kelsey805
Kiara171,Kelsi437
Kiefer854,Kelsie248
Kiera566,Kelvin319
Kierra433,Kendall322
Kiersten620,Kendall350
Kiley753,Kendra126
Kim788,Kendrick351
Kimber985,Kenia961
Kimberlee710,Kenisha994
Kimberley666,Kenneth59
Kimberly31,Kenny437
Kira527,Kent529
Kirby784,Kenton915
Kirk347,Kenya510
Kirsten157,Keon773
Kirstie457,Keri511
Kirstin564,Kerri497
Kody304,Kerry540
Kolby821,Kerry608
Korey436,Keven888
Kori793,Kevin25
Kortney676,Kevon899
Kory386,Khalil660
Kourtney402,Kia813
Kraig973,Kiana402
Krista145,Kiara193
Kristal692,Kiera459
Kristan958,Kieran971
Kristen42,Kierra398
Kristi269,Kiersten569
Kristian570,Kiley700
Kristian628,Kimberlee868
Kristie376,Kimberley853
Kristin65,Kimberly35
Kristina77,Kinsey955
Kristine238,Kira429
Kristofer543,Kirby741
Kristoffer989,Kirk430
Kristopher165,Kirsten166
Kristy248,Kirstie559
Kristyn520,Kirstin580
Krysta707,Kody253
Krystal104,Kolby706
Krysten841,Kolton838
Krystin932,Korey531
Krystina754,Kori667
Krystle461,Kortney836
Kurt274,Kory470
Kurtis410,Kourtney444
Kwame582,Krista150
Kyla428,Kristal861
Kyle18,Kristen53
Kyle823,Kristi304
Kylee422,Kristian448
Kyler623,Kristian699
Kylie179,Kristie481
Kyra570,Kristin90
Lacey148,Kristina93
Laci784,Kristine316
Lacie642,Kristofer567
Lacy355,Kristopher189
Ladarius750,Kristy324
Lakeisha587,Kristyn641
Laken954,Krysta674
Lakeshia896,Krystal128
Lamar350,Krystina947
Lamont571,Krystle786
Lana808,Kurt344
Lance181,Kurtis460
Landon326,Kwame947
Lane558,Kyla365
Laquan824,Kyle22
Laquita826,Kylee379
Lara538,Kyler487
Larissa403,Kylie195
Laron868,Kyra438
Larry144,Lacey173
Lashonda893,Laci880
Latasha360,Lacie659
Latifah702,Lacy424
Latisha493,Ladarius665
Latonya798,Lakeisha701
Latoya253,Laken943
Latrice749,Lamar445
Laura29,Lamont551
Laurel532,Lana858
Lauren10,Lance204
Laurence936,Landon276
Laurie649,Lane597
Lauryn700,Laquan949
Lawrence174,Lara642
Lazaro990,Larissa374
Lea516,Laron979
Leah82,Larry173
Leandra803,Latasha461
Leann693,Latifah801
Leanna389,Latisha503
Leanne534,Latoya432
Lee213,Latrice915
Lee955,Laura38
Leeann813,Laurel609
Leigh469,Lauren12
Leila999,Laurence972
Leland609,Laurie768
Lena528,Lauryn754
Leo477,Lawrence192
Leon390,Lazaro963
Leonard291,Lea632
Leonardo416,Leah96
Leonel617,Leandra869
Leroy443,Leann814
Lesley539,Leanna488
Leslie115,Leanne570
Leslie585,Lee255
Lester632,Leeann885
Leticia340,Leigh556
Levi182,Leila971
Lewis399,Leland696
Lia952,Lena507
Liam605,Leo464
Liana799,Leon388
Liliana369,Leonard327
Lillian366,Leonardo382
Lily585,Leonel570
Lincoln855,Leroy494
Linda175,Lesley638
Lindsay69,Leslie133
Lindsey51,Leslie702
Linsey993,Lester668
Lionel665,Leticia321
Lisa64,Levi168
Lisette944,Lewis413
Lissette897,Lexus985
Liza890,Liam593
Lizbeth629,Liana748
Lizeth967,Liliana345
Lizette625,Lillian347
Lloyd490,Lily471
Logan104,Lincoln848
Logan610,Linda192
Lonnie508,Lindsay81
Lora768,Lindsey57
Loren515,Lionel748
Loren630,Lisa88
Lorena383,Lisette826
Lorenzo309,Liza986
Loretta934,Lizbeth560
Lori323,Lizeth956
Lorraine656,Lizette681
Louie844,Lloyd552
Louis168,Logan440
Lourdes910,Logan89
Lucas112,Lonnie540
Lucero867,Lora873
Lucia582,Loren578
Lucy451,Loren645
Luis66,Lorena360
Luisa968,Lorenzo333
Lukas528,Lori400
Luke118,Lorraine750
Luther767,Louis193
Luz604,Lourdes845
Lydia206,Lucas106
Lyle633,Lucero781
Lyndsay715,Lucia582
Lyndsey384,Lucy478
Lynette820,Luis64
Lynn580,Luisa999
Lynsey987,Lukas457
Mackenzie247,Luke93
Mackenzie524,Luther906
Macy641,Luz631
Madeleine578,Lydia205
Madeline197,Lyle757
Madelyn733,Lyndsay779
Madison203,Lyndsey455
Madison847,Lynette832
Maegan576,Lynn743
Magdalena919,Macey846
Magen875,Mackenzie125
Maggie288,Mackenzie411
Mai796,Macy433
Maira800,Madalyn910
Makayla804,Madeleine468
Malachi959,Madeline138
Malcolm241,Madelyn575
Malcom873,Madison107
Male701,Madison781
Malik557,Maegan643
Mallory162,Magdalena921
Mandi876,Maggie271
Mandy467,Mai957
Manuel134,Maira732
Mara540,Makayla564
Maranda596,Makenzie603
Marc163,Malachi784
Marcel560,Malcolm206
Marcella759,Malcom766
Marcelo974,Malia997
Marcia901,Malik395
Marco226,Mallory172
Marcos273,Mandy645
Marcus72,Manuel131
Margaret102,Mara613
Margarita459,Maranda493
Mari933,Marc213
Maria47,Marcel558
Mariah259,Marcela987
Marian935,Marcella749
Mariana508,Marcelo985
Marianne980,Marco198
Maribel393,Marcos263
Maricela583,Marcus82
Marie213,Margaret102
Mariel963,Margarita463
Mariela821,Maria45
Marilyn432,Mariah74
Marina324,Mariam925
Mario119,Marian911
Marion883,Mariana538
Marisa255,Maribel415
Marisela617,Maricela682
Marisol400,Marie240
Marissa87,Mariel773
Maritza486,Mariela472
Marjorie887,Marilyn382
Mark46,Marina277
Markus501,Mario128
Marla805,Marion934
Marlena969,Marisa220
Marlene390,Marisela690
Marlin966,Marisol383
Marlon458,Marissa72
Marques813,Maritza427
Marquez874,Marjorie841
Marquis258,Mark49
Marquise555,Markus514
Marquita789,Marla1000
Marsha964,Marlee901
Marshall280,Marlena812
Martell975,Marlene358
Martez785,Marlon475
Martha229,Marques921
Martika757,Marquez811
Martin113,Marquis295
Martina832,Marquise549
Marty781,Marquita874
Marvin237,Marshall304
Mary35,Martez776
Maryann902,Martha246
Mason208,Martin117
Mathew148,Martina902
Matthew3,Marty958
Maura644,Marvin245
Maureen497,Mary37
Maurice205,Maryann976
Mauricio547,Mason148
Max172,Mathew174
Maximilian684,Matthew3
Maxwell188,Maura691
Maya399,Maureen592
Mayra195,Maurice246
Mckenzie490,Mauricio496
Meagan126,Max171
Meaghan367,Maximilian611
Megan11,Maximillian959
Meghan91,Maxine977
Melanie86,Maxwell169
Melina833,Maya369
Melinda207,Mayra200
Melisa777,Mckenna589
Melissa20,Mckenzie291
Melody314,Meagan157
Melvin278,Meaghan406
Mercedes176,Megan10
Meredith190,Meghan91
Mia341,Melanie98
Micaela811,Melina728
Micah238,Melinda258
Micah907,Melisa775
Michael1,Melissa24
Michael750,Melody308
Michaela311,Melvin325
Micheal175,Mercedes177
Michel894,Meredith199
Michele244,Mia329
Michelle22,Micaela796
Mickey836,Micah241
Miguel101,Micah769
Mikaela773,Michael1
Mikayla711,Michael788
Mike507,Michaela288
Mikel757,Micheal207
Mikhail967,Michele328
Miles269,Michelle25
Milton566,Mickey833
Mindy423,Miguel90
Miranda112,Mikaela799
Miriam285,Mikayla566
Misael999,Mike545
Misty278,Mikel850
Mitchel572,Miles283
Mitchell93,Milton560
Mohamed740,Mindy567
Mohammad604,Miranda89
Mohammed678,Miriam270
Moises467,Misael812
Mollie462,Misty351
Molly80,Mitchel609
Monica76,Mitchell91
Monika785,Mohamed734
Monique132,Mohammad588
Monte901,Mohammed678
Morgan277,Moises424
Morgan58,Mollie499
Moriah801,Molly83
Morris761,Monica77
Moses588,Monika907
Moshe702,Monique151
Mychal825,Montel893
Mykel869,Montrell940
Myles428,Morgan287
Myra701,Morgan41
Myron679,Moriah479
Nadia395,Morris868
Nadine694,Moses572
Najee941,Moshe813
Nancy131,Muhammad907
Naomi300,Myles390
Natalia478,Myra761
Natalie63,Myranda903
Nataly913,Myron680
Natasha105,Nadia425
Nathalie662,Nadine759
Nathan44,Najee928
Nathanael523,Nakia931
Nathanial650,Nancy143
Nathaniel86,Naomi253
Neal460,Natalia366
Neil261,Natalie61
Nelson281,Nataly929
Nestor626,Natasha120
Nia864,Nathalie668
Nicholas14,Nathan44
Nichole151,Nathanael497
Nick671,Nathanial617
Nickolas268,Nathaniel79
Nico620,Neal508
Nicolas187,Neil323
Nicole13,Nelson320
Nicolette511,Nestor598
Nigel573,Nia705
Nikita660,Nicholas12
Nikki282,Nichole191
Nikko904,Nick689
Niko777,Nickolas267
Nikolas472,Nico614
Nikole837,Nicolas179
Nina260,Nicole14
Noah228,Nicolette343
Noe541,Nigel516
Noel394,Nikita650
Noel790,Nikki311
Noelle463,Nikko889
Noemi592,Niko890
Nolan302,Nikolas478
Nora431,Nikole948
Norma494,Nina268
Norman470,Noah219
Octavia618,Noe537
Octavio695,Noel434
Olga786,Noel821
Oliver371,Noelle452
Olivia72,Noemi587
Omar159,Nolan247
Orlando314,Nora473
Oscar135,Norma517
Osvaldo639,Norman504
Otis697,Octavia597
Owen453,Octavio709
Pablo357,Olga830
Paige79,Oliver359
Pamela237,Olivia58
Paola665,Omar145
Paris542,Orlando356
Paris659,Oscar130
Parker342,Osvaldo656
Patrice471,Otis851
Patricia97,Owen476
Patrick36,Pablo332
Paul49,Paige64
Paula296,Pamela303
Paulina571,Paola490
Pauline756,Paris464
Payton895,Paris625
Pedro197,Parker256
Peggy1000,Patrice644
Perla636,Patricia111
Perry455,Patrick39
Pete782,Paul55
Peter74,Paula338
Peyton947,Paulina551
Philip111,Pauline886
Phillip81,Payton638
Phoebe872,Payton703
Phylicia787,Pedro188
Pierce891,Perla576
Pierre495,Perry519
Porsha736,Pete952
Portia844,Peter81
Precious452,Peyton583
Preston198,Peyton763
Prince917,Philip138
Princess760,Phillip107
Priscilla167,Phoebe982
Quentin338,Pierce726
Quincy502,Pierre603
Quinn517,Porsha847
Quinten861,Precious442
Quintin504,Preston202
Quinton297,Prince948
Rachael111,Princess870
Racheal637,Priscilla179
Rachel16,Quentin364
Rachelle332,Quincy505
Rafael202,Quinn450
Raheem771,Quinten982
Rakeem942,Quintin583
Ralph385,Quinton353
Ramiro478,Rachael123
Ramon250,Racheal666
Randal722,Rachel16
Randall192,Rachelle367
Randi338,Rafael208
Randolph672,Raheem509
Randy131,Rakeem772
Raphael465,Ralph441
Raquel239,Ramiro456
Rashaad918,Ramon250
Rashad355,Randal859
Rashawn724,Randall235
Rasheed933,Randi359
Raul210,Randolph788
Raven166,Randy158
Ray328,Raphael578
Raymond92,Raquel242
Raymundo826,Rashad416
Rebeca725,Rashawn690
Rebecca21,Rasheed864
Rebekah149,Raul209
Reece791,Raven152
Reed655,Ray394
Reese896,Raymond104
Reggie943,Raymundo800
Regina281,Rebeca711
Reginald230,Rebecca20
Reid544,Rebekah145
Remington927,Reece700
Renae988,Reed530
Rene303,Reese798
Renee184,Regan894
Reuben583,Regina331
Rex663,Reginald234
Reyna726,Reid455
Reynaldo536,Remington953
Rhett842,Rene328
Rhiannon672,Renee215
Rhonda605,Reuben670
Ricardo121,Rex718
Richard35,Reyna744
Richelle898,Reynaldo606
Rick510,Rhett758
Rickey503,Rhiannon676
Ricky176,Rhonda770
Rico584,Ricardo115
Rigoberto640,Richard40
Rikki824,Rick575
Riley311,Rickey564
Riley827,Ricky191
Rita547,Rico675
Robbie751,Rigoberto599
Robert13,Rikki794
Roberta939,Riley264
Roberto150,Riley555
Robin201,Rita588
Robin595,Robbie858
Robyn309,Robert17
Rocco870,Roberto159
Rochelle377,Robin263
Rocio548,Robin596
Rocky657,Robyn348
Roderick387,Rocco941
Rodney180,Rochelle445
Rodolfo401,Rocio529
Rodrick827,Rocky752
Rodrigo511,Roderick431
Rogelio439,Rodney210
Roger209,Rodolfo383
Roland505,Rodrick881
Rolando497,Rodrigo468
Roman374,Rogelio435
Ron738,Roger214
Ronald97,Roland535
Ronnie262,Rolando500
Ronny976,Roman374
Roosevelt856,Ron912
Rory513,Ronald112
Rosa242,Ronnie309
Rose307,Roosevelt960
Rosemary509,Rory626
Ross190,Rosa235
Roxana686,Rose318
Roxanna899,Rosemary563
Roxanne336,Ross231
Roy236,Roxana757
Royce703,Roxanne431
Ruben177,Roy286
Rubi734,Royce736
Ruby291,Ruben178
Rudolph848,Rubi926
Rudy388,Ruby274
Russell142,Rudolph994
Rusty607,Rudy387
Ruth306,Russell185
Ryan11,Rusty816
Ryan525,Ruth323
Ryne624,Ryan13
Sabrina118,Ryan604
Sade569,Ryne676
Sadie455,Sabrina112
Sally449,Sade651
Salvador293,Sadie421
Salvatore567,Sage745
Sam395,Salina944
Samantha5,Sally495
Samatha880,Salvador292
Samir948,Salvatore557
Sammy586,Sam400
Samson919,Samantha6
Samuel45,Samir973
Sandra134,Sammy629
Sandy379,Samuel41
Santiago563,Sandra153
Santos748,Sandy462
Sara34,Santana848
Sarah6,Santiago517
Sarai881,Santos753
Sasha198,Sara36
Saul409,Sarah5
Savanna599,Sarai797
Savannah204,Sasha296
Scott53,Saul375
Scotty727,Savanna458
Sean37,Savannah142
Sebastian320,Sawyer595
Selena780,Scarlett949
Selina765,Scott61
Serena505,Scotty768
Sergio161,Sean42
Seth102,Sebastian229
Shaina408,Selena607
Shakira888,Selene995
Shameka989,Selina625
Shamika978,Serena491
Shana349,Sergio157
Shanae690,Seth94
Shane73,Shaina418
Shanell920,Shakira745
Shanice727,Shana423
Shanika728,Shanae663
Shaniqua327,Shane77
Shanna430,Shanelle953
Shannon429,Shanequa856
Shannon68,Shanice163
Shante612,Shaniece937
Shantel499,Shanika806
Shantell991,Shaniqua420
Shari943,Shanna512
Sharon274,Shannon465
Shaun224,Shannon65
Shauna364,Shante881
Shawn69,Shantel536
Shawna249,Shaquille426
Shay960,Sharon298
Shayla337,Shaun288
Shayna412,Shauna460
Shayne484,Shawn71
Shea683,Shawna306
Shea856,Shawnee871
Sheena470,Shayla317
Sheila413,Shayna391
Shelbi883,Shayne554
Shelby100,Shea765
Shelby525,Shea785
Sheldon441,Sheena621
Shelley703,Sheila401
Shelly565,Shelbi480
Shelton814,Shelbie527
Sherman793,Shelby34
Sherri921,Shelby473
Sherry581,Sheldon380
Shirley510,Shelley776
Sidney515,Shelly647
Sidney922,Shelton876
Sierra141,Sherman795
Silas968,Sherry710
Silvia613,Shirley530
Simon379,Sidney518
Simone346,Sidney618
Skye689,Sierra130
Skylar466,Silas817
Skylar563,Silvia614
Skyler301,Simon348
Skyler738,Simone408
Sofia645,Skye723
Solomon689,Skylar463
Sonia315,Skylar565
Sonja828,Skyler258
Sonny651,Skyler689
Sonya512,Sofia528
Sophia250,Solomon646
Sophie606,Sonia330
Spencer105,Sonja983
Spenser686,Sonny754
Stacey168,Sonya593
Stacey875,Sophia212
Staci439,Sophie485
Stacie420,Spencer99
Stacy173,Spenser831
Stacy822,Stacey230
Stanley313,Stacey986
Stefan367,Staci537
Stefani741,Stacie526
Stefanie289,Stacy232
Stephan406,Stacy869
Stephanie7,Stanley343
Stephany442,Stefan376
Stephen39,Stefani918
Stephon591,Stefanie339
Sterling463,Stephan436
Steve267,Stephanie8
Steven25,Stephany453
Stevie652,Stephen45
Stevie802,Stephon663
Stewart593,Sterling440
Stuart344,Stetson942
Summer271,Steve302
Susan172,Steven29
Susana555,Stevie599
Susanna857,Stevie865
Suzanne370,Stewart679
Sydney150,Storm894
Sylvester713,Stormy802
Sylvia333,Stuart427
Symone822,Summer254
Tabatha416,Susan210
Tabitha164,Susana547
Talia607,Susanna912
Talon929,Suzanne446
Tamara209,Sydney124
Tameka842,Sylvia363
Tamika572,Symone862
Tammy450,Tabatha602
Tanesha809,Tabitha189
Tania489,Talia494
Tanisha385,Talon842
Tanner220,Tamara223
Tanya252,Tamika789
Tara85,Tammy534
Tarah995,Tania384
Taryn335,Tanisha387
Tasha246,Tanner101
Tate1000,Tanya267
Tatiana283,Tara118
Tavon985,Tariq929
Tayler708,Taryn370
Taylor46,Tasha333
Taylor64,Tate686
Ted642,Tatiana269
Teddy794,Tatyana863
Tera891,Tavon930
Terence452,Tayler416
Teresa180,Tayler860
Teri838,Taylor17
Terra630,Taylor52
Terrance235,Ted759
Terrell282,Teddy954
Terrence256,Terence482
Terri554,Teresa206
Terry164,Terra747
Tess573,Terrance232
Tessa290,Terrell310
Tevin381,Terrence270
Thaddeus581,Terri706
Theodore233,Terry196
Theresa196,Tess465
Thomas26,Tessa236
Tia303,Tevin162
Tiana424,Thaddeus657
Tianna712,Thalia755
Tiara245,Theodore260
Tiera769,Theresa226
Tierra352,Theron995
Tiffani456,Thomas27
Tiffanie691,Tia286
Tiffany23,Tiana336
Timmy871,Tianna577
Timothy30,Tiara237
Tina240,Tiera762
Titus879,Tierra349
Tobias725,Tiffani447
Toby577,Tiffanie791
Todd158,Tiffany32
Tom692,Timmy877
Tomas491,Timothy34
Tommie892,Tina312
Tommy270,Titus834
Toni275,Tobias835
Tony146,Toby607
Tonya365,Todd216
Torey991,Tom861
Tori466,Tomas484
Torrey977,Tommy303
Tory666,Toni315
Tosha979,Tony163
Trace978,Tonya456
Tracey492,Tori218
Traci475,Tory716
Tracie927,Trace955
Tracy224,Tracey596
Tracy516,Traci660
Travis42,Tracy278
Travon853,Tracy591
Tremaine954,Trae823
Trent253,Travis48
Trenton266,Travon669
Trever752,Tre428
Trevon843,Trent257
Trevor76,Trenton239
Trey345,Trever698
Tricia496,Trevon515
Trina917,Trevor63
Trisha305,Trey269
Trista745,Tricia656
Tristan330,Trisha335
Troy128,Trista887
Tucker475,Tristan371
Ty437,Troy146
Tyesha834,Tucker443
Tyler21,Ty345
Tyler537,Tyesha816
Tylor546,Tyler281
Tyree564,Tyler8
Tyrel961,Tylor422
Tyrell450,Tyquan964
Tyron716,Tyree479
Tyrone260,Tyrel935
Tyson407,Tyrell354
Ulises798,Tyron849
Ulysses753,Tyrone289
Unknown741,Tyshawn936
Uriel690,Tyson532
Valencia815,Ulises760
Valentin902,Ulysses862
Valeria681,Unknown843
Valerie129,Uriel589
Van880,Valencia913
Vance646,Valeria389
Vanessa56,Valerie136
Vaughn754,Van974
Vernon489,Vance673
Veronica96,Vanessa55
Vicente587,Vaughn761
Vicky945,Vernon568
Victor82,Veronica95
Victoria33,Vicente574
Vince888,Victor87
Vincent78,Victoria22
Virgil810,Vince975
Virginia215,Vincent92
Vivian448,Virginia257
Viviana667,Vivian307
Wade323,Viviana544
Walker845,Wade347
Wallace905,Walker737
Walter191,Wallace897
Wanda981,Walter217
Warren340,Warren358
Waylon995,Waylon913
Wayne242,Wayne294
Wendell680,Wendell764
Wendy205,Wendy222
Wesley107,Wesley111
Westley734,Westley872
Weston398,Weston372
Whitley549,Whitley849
Whitney60,Whitney85
Wilbert944,Wilfredo786
Wilfredo759,Will650
Will589,William20
William16,Willie237
Willie222,Willis965
Willis815,Wilson432
Wilson480,Winston621
Winston596,Wyatt368
Wyatt408,Xavier147
Xavier186,Yadira626
Yadira635,Yasmin612
Yasmin680,Yasmine675
Yesenia156,Yesenia176
Yessenia663,Yessenia714
Yolanda391,Yolanda422
Yvette361,Yvette342
Yvonne371,Yvonne381
Zachariah327,Zachariah305
Zachary22,Zachary16
Zachery234,Zachery184
Zackary333,Zackary278
Zackery419,Zackery326
Zakary884,Zakary714
Zane434,Zane373
Zechariah816,Zechariah703
Zoe504,Zoe282
